Year,Prevalence
2019,0.175
2018,0.12
2017,0.082
2016,0.054
2015,0.038
2014,0.0361
2013,0.0199
2012,0.014
2011,0.0152
2010,0.005
2009,0.0046
2008,0.00264
2007,0.001886
2006,0.0022